{"means": {"Age": -8.86757334228605e-17, "Height": 3.2100899716169807e-15, "Weight": -9.674039347373764e-17, "BMI": 6.17035311734071e-16, "Systolic_BP": 6.657785434072139e-17, "Diastolic_BP": 8.817835350782843e-17, "Heart_Rate": -8.436984444415429e-16, "Blood_Sugar": 2.8185453970763775e-16, "Cholesterol": 2.0861534721916542e-16, "Triglycerides": 1.2136069926782512e-16, "Waist_Circumference": -4.190425784145191e-16, "Smoking": 1.7195134205394423e-17, "Alcohol_Consumption": -1.56124002614888e-16, "Physical_Activity": -1.341149413747189e-16, "Diet_Quality": -4.604316927725449e-17, "Sleep_Hours": 4.664002517529298e-16, "Air_Quality_Index": 2.912337038196711e-16, "Stress_Level": 1.3642420526593924e-17, "Exposure_to_Pollutants": -8.270717444247566e-17, "Access_to_Healthcare": -1.1084466677857563e-17, "Family_History_Diabetes": 7.44648787076585e-17, "Family_History_Heart_Disease": -8.846257060213247e-17, "Family_History_Cancer": 2.8208546609675974e-17, "Previous_Surgeries": -1.362820967187872e-16, "Chronic_Conditions": -7.837286375433905e-17, "Gender_Female": 0.50266, "Gender_Male": 0.49734}, "stds": {"Age": 1.0000100001500025, "Height": 1.0000100001500025, "Weight": 1.0000100001500027, "BMI": 1.0000100001500025, "Systolic_BP": 1.0000100001500025, "Diastolic_BP": 1.0000100001500025, "Heart_Rate": 1.0000100001500025, "Blood_Sugar": 1.0000100001500025, "Cholesterol": 1.0000100001500025, "Triglycerides": 1.0000100001500025, "Waist_Circumference": 1.0000100001500025, "Smoking": 1.0000100001500025, "Alcohol_Consumption": 1.000010000150002, "Physical_Activity": 1.0000100001500023, "Diet_Quality": 1.0000100001500025, "Sleep_Hours": 1.0000100001500025, "Air_Quality_Index": 1.0000100001500025, "Stress_Level": 1.0000100001500025, "Exposure_to_Pollutants": 1.0000100001500023, "Access_to_Healthcare": 1.0000100001500025, "Family_History_Diabetes": 1.0000100001500025, "Family_History_Heart_Disease": 1.0000100001500023, "Family_History_Cancer": 1.0000100001500023, "Previous_Surgeries": 1.0000100001500023, "Chronic_Conditions": 1.000010000150002, "Gender_Female": 0.49999792435417884, "Gender_Male": 0.49999792435417884}}